HomeTeam,AwayTeam,FTHG,FTAG,FTR,HS,AS,HST,AST,HC,AC,HR,AR
Chievo,Sassuolo,1,1,D,6,12,2,4,2,1,0,2
Milan,Inter,0,0,D,13,14,3,2,7,4,0,0
Torino,Crotone,4,1,H,9,12,5,2,3,3,0,0
Benevento,Juventus,2,4,A,16,15,6,5,9,2,0,0
Roma,Fiorentina,0,2,A,25,4,9,3,9,1,0,0
Sampdoria,Genoa,0,0,D,18,7,4,2,5,1,0,0
Salernitana,Atalanta,1,1,D,8,19,4,6,3,3,0,0
Crotone,Bologna,1,0,H,6,11,5,1,1,5,0,0
Milan,Sassuolo,1,1,D,22,8,8,3,12,3,0,0
Napoli,Chievo,2,1,H,31,4,12,2,14,0,0,0
Torino,Inter,1,0,H,10,15,3,8,1,16,0,0
Udinese,Lazio,1,2,A,10,14,3,4,5,5,0,0
Verona,Cagliari,1,0,H,11,10,4,3,2,9,0,0
Atalanta,Inter,0,0,D,16,10,4,2,8,4,0,0
Cagliari,Udinese,2,1,H,12,7,3,1,7,3,0,0
Chievo,Torino,0,0,D,6,12,0,3,4,4,1,0
Genoa,Crotone,1,0,H,17,10,5,1,5,4,0,0
Bologna,Verona,2,0,H,14,8,6,1,3,4,0,0
Fiorentina,Salernitana,0,0,D,24,4,6,1,8,4,0,0
Juventus,Sampdoria,3,0,H,16,8,5,3,6,8,0,0
Lazio,Roma,0,0,D,7,10,1,1,7,2,1,0
Milan,Napoli,0,0,D,13,15,2,4,11,8,0,0
Sassuolo,Benevento,2,2,D,15,10,3,2,7,1,0,0
Inter,Cagliari,4,0,H,20,0,9,0,10,2,0,0
Benevento,Atalanta,0,3,A,12,12,4,8,6,1,0,0
Crotone,Juventus,1,1,D,9,13,3,4,2,7,0,0
Fiorentina,Lazio,3,4,A,13,17,6,8,0,8,1,1
Napoli,Udinese,4,2,H,18,19,9,5,8,7,0,0
Roma,Genoa,2,1,H,15,5,6,1,7,3,0,0
Sampdoria,Bologna,1,0,H,16,11,2,2,6,6,0,0
Salernitana,Chievo,0,0,D,9,6,1,0,6,2,0,0
Torino,Milan,1,1,D,12,9,5,5,6,6,1,0
Verona,Sassuolo,0,1,A,9,15,2,5,6,5,0,0
Milan,Benevento,0,1,A,21,5,6,1,4,1,0,1
Sassuolo,Fiorentina,1,0,H,10,6,6,1,4,2,0,1
Salernitana,Roma,0,3,A,6,14,3,7,2,3,0,0
Atalanta,Torino,2,1,H,22,10,8,1,11,4,0,0
Cagliari,Bologna,0,0,D,13,5,2,2,7,1,0,0
Chievo,Inter,1,2,A,13,11,6,5,4,10,0,0
Juventus,Napoli,0,1,A,4,12,0,4,3,3,0,0
Lazio,Sampdoria,4,0,H,15,6,9,2,8,4,0,0
Udinese,Crotone,1,2,A,15,11,6,2,6,5,0,0
Genoa,Verona,3,1,H,18,13,8,3,8,2,0,0
Inter,Juventus,2,3,A,10,13,5,4,2,8,1,0
Roma,Chievo,4,1,H,15,12,7,6,3,7,1,0
Atalanta,Genoa,3,1,H,13,12,6,3,1,7,0,0
Benevento,Udinese,3,3,D,12,15,6,6,4,4,1,0
Bologna,Milan,1,2,A,12,9,7,4,7,1,0,0
Crotone,Sassuolo,4,1,H,11,14,7,6,4,6,0,0
Fiorentina,Napoli,3,0,H,28,4,10,1,2,3,0,1
Sampdoria,Cagliari,4,1,H,15,6,6,2,6,2,0,1
Torino,Lazio,0,1,A,8,16,2,6,3,6,0,0
Verona,Salernitana,1,3,A,11,17,5,6,1,8,0,0
Juventus,Bologna,3,1,H,15,6,6,3,5,2,0,0
Milan,Verona,4,1,H,17,8,10,2,5,4,0,0
Cagliari,Roma,0,1,A,12,9,3,1,9,3,0,0
Chievo,Crotone,2,1,H,11,13,3,3,8,4,0,0
Genoa,Fiorentina,2,3,A,7,19,3,10,3,7,2,0
Lazio,Atalanta,1,1,D,13,20,2,6,6,9,0,0
Napoli,Torino,2,2,D,19,5,5,2,4,2,0,0
Sassuolo,Sampdoria,1,0,H,18,2,7,0,9,6,0,0
Salernitana,Benevento,2,0,H,6,12,4,3,1,4,0,0
Udinese,Inter,0,4,A,9,26,2,12,5,9,1,0
Benevento,Genoa,1,0,H,14,13,3,5,6,3,0,0
Inter,Sassuolo,1,2,A,16,13,8,5,16,2,0,0
Atalanta,Milan,1,1,D,24,5,5,2,3,8,1,1
Bologna,Chievo,1,2,A,7,13,3,7,2,7,0,0
Crotone,Lazio,2,2,D,6,18,3,7,2,9,0,0
Fiorentina,Cagliari,0,1,A,14,14,0,2,11,5,1,0
Roma,Juventus,0,0,D,9,7,2,0,4,3,1,0
Sampdoria,Napoli,0,2,A,11,17,2,9,3,12,0,0
Torino,Salernitana,2,1,H,18,10,10,4,4,6,0,0
Verona,Udinese,0,1,A,11,13,1,5,3,5,0,0
Juventus,Verona,2,1,H,26,9,13,3,11,5,0,0
Cagliari,Atalanta,1,0,H,6,12,4,4,5,11,0,0
Chievo,Benevento,1,0,H,8,12,5,1,2,4,0,0
Genoa,Torino,1,2,A,12,4,2,2,7,3,0,0
Lazio,Inter,2,3,A,14,15,4,6,10,4,2,0
Milan,Fiorentina,5,1,H,18,9,11,3,6,1,0,1
Napoli,Crotone,2,1,H,19,9,9,4,6,9,0,0
Sassuolo,Roma,0,1,A,16,15,3,6,5,9,0,0
Salernitana,Sampdoria,3,1,H,16,9,6,3,5,3,0,0
Udinese,Bologna,1,0,H,20,8,5,5,10,2,0,0
Chievo,Juventus,2,3,A,7,23,2,11,0,8,0,0
Lazio,Napoli,1,2,A,9,11,5,6,4,7,0,0
Bologna,Salernitana,0,1,A,8,10,3,5,7,0,1,0
Empoli,Cagliari,2,0,H,9,12,4,5,6,6,0,0
Parma,Udinese,2,2,D,9,16,6,6,4,5,0,0
Sassuolo,Inter,1,0,H,7,11,5,4,4,4,0,0
Torino,Roma,0,1,A,8,16,5,13,6,5,0,0
Atalanta,Frosinone,4,0,H,16,6,10,1,4,4,0,0
Juventus,Lazio,2,0,H,14,8,9,3,6,2,0,0
Napoli,Milan,3,2,H,21,6,13,4,5,1,0,0
Cagliari,Sassuolo,2,2,D,12,12,7,6,7,2,0,1
Fiorentina,Chievo,6,1,H,19,5,15,3,2,3,0,0
Frosinone,Bologna,0,0,D,11,10,7,5,2,5,0,0
Genoa,Empoli,2,1,H,10,12,4,8,3,6,0,0
Inter,Torino,2,2,D,9,10,6,7,5,4,0,0
Salernitana,Parma,1,0,H,15,3,5,0,7,2,0,0
Udinese,Sampdoria,1,0,H,13,9,5,4,8,7,0,0
Roma,Atalanta,3,3,D,21,17,11,10,3,11,0,0
Milan,Roma,2,1,H,18,6,9,3,8,3,0,0
Bologna,Inter,0,3,A,7,10,1,4,3,7,0,0
Parma,Juventus,1,2,A,8,20,7,10,4,7,0,0
Atalanta,Cagliari,0,1,A,8,4,5,3,5,4,0,0
Chievo,Empoli,0,0,D,11,12,5,4,4,6,0,0
Fiorentina,Udinese,1,0,H,13,4,4,1,11,4,0,0
Lazio,Frosinone,1,0,H,17,7,8,5,7,7,0,0
Sampdoria,Napoli,3,0,H,7,12,4,6,4,5,0,0
Sassuolo,Genoa,5,3,H,10,11,8,8,2,10,0,0
Torino,Salernitana,1,0,H,10,8,7,3,9,10,0,0
Frosinone,Sampdoria,0,5,A,6,10,2,7,5,3,0,0
Inter,Parma,0,1,A,24,8,11,6,10,1,0,0
Napoli,Fiorentina,1,0,H,19,7,5,3,10,3,0,0
Cagliari,Milan,1,1,D,7,12,3,7,3,8,0,0
Empoli,Lazio,0,1,A,10,16,3,9,4,7,0,0
Genoa,Bologna,1,0,H,10,8,5,2,5,3,0,1
Juventus,Sassuolo,2,1,H,16,10,6,6,10,4,1,0
Roma,Chievo,2,2,D,15,10,9,5,9,2,0,0
Udinese,Torino,1,1,D,7,9,3,4,3,8,0,0
Salernitana,Atalanta,2,0,H,13,13,6,4,4,4,0,0
Sampdoria,Fiorentina,1,1,D,8,14,4,9,4,6,0,0
Sassuolo,Empoli,3,1,H,20,16,10,11,5,4,0,1
Fiorentina,Salernitana,3,0,H,15,5,5,2,11,1,0,0
Parma,Cagliari,2,0,H,14,9,8,3,4,11,0,0
Sampdoria,Inter,0,1,A,9,14,4,5,3,12,0,0
Bologna,Roma,2,0,H,7,20,2,9,1,10,0,0
Chievo,Udinese,0,2,A,10,9,4,7,7,3,0,0
Frosinone,Juventus,0,2,A,2,18,0,8,3,5,0,0
Lazio,Genoa,4,1,H,16,8,8,4,5,3,0,0
Milan,Atalanta,2,2,D,14,13,8,8,4,3,0,0
Torino,Napoli,1,3,A,9,13,3,8,4,6,0,0
Inter,Fiorentina,2,1,H,11,11,3,8,6,3,0,0
Atalanta,Torino,0,0,D,11,3,4,0,11,1,0,0
Cagliari,Sampdoria,0,0,D,10,10,2,5,7,3,0,0
Genoa,Chievo,2,0,H,11,8,5,2,7,4,0,0
Juventus,Bologna,2,0,H,15,5,9,2,3,0,0,0
Napoli,Parma,3,0,H,20,2,8,0,2,2,0,0
Roma,Frosinone,4,0,H,18,8,13,3,4,3,0,0
Udinese,Lazio,1,2,A,10,5,6,2,6,4,0,0
Empoli,Milan,1,1,D,4,16,3,11,3,10,0,0
Salernitana,Sassuolo,0,2,A,6,10,2,5,6,7,0,0
Inter,Cagliari,2,0,H,12,4,8,1,9,4,0,0
Juventus,Napoli,3,1,H,14,9,9,6,7,4,0,1
Roma,Lazio,3,1,H,10,11,7,5,8,9,0,0
Bologna,Udinese,2,1,H,11,10,6,2,3,4,0,0
Chievo,Torino,0,1,A,8,13,3,5,3,8,0,0
Fiorentina,Atalanta,2,0,H,6,11,4,4,5,6,0,0
Frosinone,Genoa,1,2,A,13,7,6,5,5,2,0,0
Parma,Empoli,1,0,H,7,10,3,6,2,12,0,0
Sassuolo,Milan,1,4,A,8,10,2,10,9,5,0,0
Sampdoria,Salernitana,2,1,H,16,10,9,4,6,5,0,0
Torino,Frosinone,3,2,H,15,8,10,4,2,4,0,0
Cagliari,Bologna,2,0,H,8,10,5,4,4,4,0,0
Empoli,Roma,0,2,A,11,7,4,4,4,3,0,0
Udinese,Juventus,0,2,A,5,13,4,7,4,8,0,0
Atalanta,Sampdoria,0,1,A,15,6,6,3,9,4,0,0
Genoa,Parma,1,3,A,20,7,13,5,9,7,0,0
Lazio,Fiorentina,1,0,H,11,10,5,6,5,6,0,0
Milan,Chievo,3,1,H,14,4,7,2,12,7,0,0
Napoli,Sassuolo,2,0,H,12,10,7,7,4,4,0,1
Salernitana,Inter,1,2,A,9,6,6,4,10,9,0,0
Juventus,Genoa,1,1,D,13,5,4,2,8,2,0,0
Roma,Salernitana,0,2,A,13,5,9,5,8,9,0,1
Udinese,Napoli,0,3,A,7,9,4,4,3,5,0,0
Bologna,Torino,2,2,D,6,12,3,8,3,4,0,0
Chievo,Atalanta,1,5,A,3,15,2,8,1,2,1,0
Fiorentina,Cagliari,1,1,D,7,8,3,5,6,7,0,0
Frosinone,Empoli,3,3,D,5,15,4,10,6,8,0,0
Inter,Milan,1,0,H,14,9,7,2,9,4,0,0
Parma,Lazio,0,2,A,3,15,1,9,2,8,0,0
Sampdoria,Sassuolo,0,0,D,7,7,2,2,4,3,0,0
Atalanta,Parma,3,0,H,21,9,14,5,6,6,0,0
Empoli,Juventus,1,2,A,6,12,4,7,6,10,0,0
Torino,Fiorentina,1,1,D,12,8,4,5,4,5,0,0
Cagliari,Chievo,2,1,H,12,12,4,5,8,2,0,0
Genoa,Udinese,2,2,D,11,11,5,8,4,8,1,0
Milan,Sampdoria,3,2,H,8,3,7,2,5,1,0,0
Napoli,Roma,1,1,D,18,7,6,5,17,3,0,0
Sassuolo,Bologna,2,2,D,11,10,6,6,9,5,0,0
Salernitana,Frosinone,0,3,A,10,5,5,4,9,1,0,0
Lazio,Inter,0,3,A,11,13,4,7,7,6,0,0
Milan,Genoa,2,1,H,19,7,10,2,7,2,0,0
Napoli,Empoli,5,1,H,19,8,13,4,0,7,0,0
Fiorentina,Roma,1,1,D,11,11,3,6,3,6,0,0
Inter,Genoa,5,0,H,17,8,10,3,11,6,0,0
Juventus,Cagliari,3,1,H,11,4,5,3,5,4,0,0
Bologna,Atalanta,1,2,A,9,12,5,6,1,4,0,0
Chievo,Sassuolo,0,2,A,1,8,1,4,3,2,1,0
Lazio,Salernitana,4,1,H,18,5,11,3,8,4,0,0
Parma,Frosinone,0,0,D,9,9,1,1,3,7,1,0
Sampdoria,Torino,1,4,A,10,15,4,8,0,2,0,0
Udinese,Milan,0,1,A,11,15,4,9,4,7,1,0
Frosinone,Fiorentina,1,1,D,5,16,3,10,4,5,0,0
Genoa,Napoli,1,2,A,8,13,3,7,2,7,0,0
Salernitana,Cagliari,2,2,D,8,11,4,3,1,6,0,0
Torino,Parma,1,2,A,12,11,4,7,7,7,0,0
Atalanta,Inter,4,1,H,16,6,10,2,9,6,0,1
Chievo,Bologna,2,2,D,12,12,6,6,5,6,0,0
Empoli,Udinese,2,1,H,9,22,5,9,4,13,0,0
Milan,Juventus,0,2,A,5,12,2,8,2,5,1,0
Roma,Sampdoria,4,1,H,10,4,6,3,7,7,0,0
Sassuolo,Lazio,1,1,D,9,7,4,3,2,6,0,0
Inter,Frosinone,3,0,H,25,5,14,4,11,0,0,0
Juventus,Salernitana,2,0,H,12,8,8,1,6,3,0,0
Udinese,Roma,1,0,H,8,23,3,9,0,12,0,0
Bologna,Fiorentina,0,0,D,8,11,4,6,4,9,0,0
Empoli,Atalanta,3,2,H,12,8,8,5,7,3,0,1
Genoa,Sampdoria,1,1,D,10,6,5,2,7,6,0,0
Lazio,Milan,1,1,D,16,9,6,4,9,4,0,0
Napoli,Chievo,0,0,D,17,7,10,3,20,2,0,0
Parma,Sassuolo,2,1,H,10,12,4,5,2,3,0,0
Cagliari,Torino,0,0,D,3,8,1,5,3,4,0,0
Fiorentina,Juventus,0,3,A,12,9,7,6,4,9,0,0
Sampdoria,Bologna,4,1,H,8,8,6,4,1,4,0,0
Salernitana,Empoli,2,2,D,9,13,5,8,4,9,1,0
Chievo,Lazio,1,1,D,5,19,2,7,4,6,0,0
Frosinone,Cagliari,1,1,D,25,18,11,7,5,1,0,1
Milan,Parma,2,1,H,19,7,6,1,8,8,0,0
Roma,Inter,2,2,D,15,16,6,7,4,7,0,0
Sassuolo,Udinese,0,0,D,17,3,3,1,13,2,0,0
Torino,Genoa,2,1,H,23,8,10,2,5,5,0,1
Atalanta,Napoli,1,2,A,9,9,3,5,12,6,0,0
Juventus,Inter,1,0,H,14,8,6,4,10,8,0,0
Cagliari,Roma,2,2,D,10,14,5,7,7,5,2,0
Lazio,Sampdoria,2,2,D,20,4,11,3,10,6,0,1
Napoli,Frosinone,4,0,H,18,6,10,2,9,3,0,0
Empoli,Bologna,2,1,H,9,14,5,8,4,8,0,0
Genoa,Salernitana,1,1,D,6,16,3,7,1,6,1,0
Milan,Torino,0,0,D,11,10,4,4,11,3,0,0
Parma,Chievo,1,1,D,12,7,7,1,8,2,0,1
Sassuolo,Fiorentina,3,3,D,11,11,7,6,6,10,1,1
Udinese,Atalanta,1,3,A,5,12,2,4,2,7,0,0
Inter,Udinese,1,0,H,15,7,4,1,10,0,0,0
Torino,Juventus,0,1,A,5,7,3,4,7,5,0,0
Cagliari,Napoli,0,1,A,6,13,2,5,2,10,0,0
Fiorentina,Empoli,3,1,H,15,8,9,4,2,3,0,0
Frosinone,Sassuolo,0,2,A,9,13,3,3,6,5,0,0
Roma,Genoa,3,2,H,14,11,7,8,6,4,0,0
Sampdoria,Parma,2,0,H,12,2,10,0,8,4,0,0
Salernitana,Chievo,0,0,D,10,8,3,6,6,4,0,0
Atalanta,Lazio,1,0,H,4,11,2,3,7,7,0,0
Bologna,Milan,0,0,D,7,11,6,4,2,1,0,1
Chievo,Inter,1,1,D,6,9,3,3,5,7,0,0
Empoli,Sampdoria,2,4,A,6,15,3,12,8,5,0,0
Genoa,Atalanta,3,1,H,15,10,7,6,9,6,0,2
Juventus,Roma,1,0,H,15,4,7,4,13,2,0,0
Lazio,Cagliari,3,1,H,15,9,10,5,7,5,0,0
Milan,Fiorentina,0,1,A,11,7,7,1,9,7,0,0
Napoli,Salernitana,1,0,H,15,10,8,6,3,5,0,0
Parma,Bologna,0,0,D,7,5,1,2,4,2,0,0
Sassuolo,Torino,1,1,D,11,4,6,3,12,2,0,0
Udinese,Frosinone,1,1,D,9,10,1,6,2,5,0,0
Atalanta,Juventus,2,2,D,10,10,6,3,5,5,0,1
Bologna,Lazio,0,2,A,6,11,3,7,1,7,0,0
Cagliari,Genoa,1,0,H,12,10,7,4,4,4,0,0
Fiorentina,Parma,0,1,A,16,3,7,2,9,2,1,0
Frosinone,Milan,0,0,D,11,16,5,8,3,6,0,0
Inter,Napoli,1,0,H,9,9,5,4,5,0,0,2
Roma,Sassuolo,3,1,H,16,8,10,3,8,5,0,0
Sampdoria,Chievo,2,0,H,10,7,6,1,4,1,0,0
Salernitana,Udinese,0,0,D,7,3,4,1,7,2,0,0
Torino,Empoli,3,0,H,13,5,10,1,5,1,0,1
Chievo,Frosinone,1,0,H,9,12,3,4,4,2,0,1
Empoli,Inter,0,1,A,7,7,3,6,4,6,0,0
Genoa,Fiorentina,0,0,D,7,8,3,6,7,3,0,0
Juventus,Sampdoria,2,1,H,15,7,8,3,6,3,0,0
Lazio,Torino,1,1,D,10,7,5,6,7,3,1,1
Milan,Salernitana,2,1,H,11,9,6,4,11,2,1,0
Napoli,Bologna,3,2,H,14,10,9,4,6,5,0,0
Parma,Roma,0,2,A,3,19,2,8,2,7,0,0
Sassuolo,Atalanta,2,6,A,13,13,8,9,1,8,0,0
Udinese,Cagliari,2,0,H,19,4,7,1,6,6,1,1
Inter,Sassuolo,0,0,D,8,11,4,6,11,0,0,0
Roma,Torino,3,2,H,11,8,9,3,6,3,0,0
Udinese,Parma,1,2,A,17,7,9,4,8,2,0,0
Cagliari,Empoli,2,2,D,13,9,3,4,4,7,0,0
Fiorentina,Sampdoria,3,3,D,8,9,4,5,4,7,1,0
Frosinone,Atalanta,0,5,A,5,14,3,8,4,8,0,0
Napoli,Lazio,2,1,H,17,13,13,9,7,8,0,1
Salernitana,Bologna,1,1,D,13,12,9,6,7,7,0,0
Genoa,Milan,0,2,A,13,9,7,7,5,6,0,0
Juventus,Chievo,3,0,H,19,7,11,3,12,5,0,0
Milan,Napoli,0,0,D,12,14,7,8,6,8,0,1
Sampdoria,Udinese,4,0,H,14,6,9,0,1,1,0,0
Sassuolo,Cagliari,3,0,H,11,7,9,3,4,12,0,0
Atalanta,Roma,3,3,D,14,7,6,5,9,2,0,0
Bologna,Frosinone,0,4,A,8,4,2,4,9,2,1,0
Chievo,Fiorentina,3,4,A,14,11,8,7,7,5,0,1
Lazio,Juventus,1,2,A,11,4,5,3,8,1,0,0
Parma,Salernitana,2,3,A,9,15,5,6,1,10,0,0
Torino,Inter,1,0,H,7,9,4,4,6,7,0,1
Empoli,Genoa,1,3,A,13,12,7,7,1,3,0,0
Empoli,Chievo,2,2,D,11,10,9,4,10,6,0,0
Juventus,Parma,3,3,D,18,11,9,5,12,4,0,0
Napoli,Sampdoria,3,0,H,18,8,14,2,5,3,0,0
Genoa,Sassuolo,1,1,D,4,11,2,8,4,6,0,0
Inter,Bologna,0,1,A,12,8,3,7,6,7,0,0
Roma,Milan,1,1,D,11,6,9,5,10,2,0,0
Salernitana,Torino,0,0,D,8,5,1,1,11,6,0,1
Udinese,Fiorentina,1,1,D,7,9,2,4,1,10,0,0
Cagliari,Atalanta,0,1,A,8,10,2,6,2,4,0,0
Frosinone,Lazio,0,1,A,9,11,4,5,2,2,0,0
Lazio,Empoli,1,0,H,8,3,4,1,3,2,0,0
Chievo,Roma,0,3,A,11,11,6,9,7,7,0,0
Fiorentina,Napoli,0,0,D,10,12,4,4,5,5,0,0
Parma,Inter,0,1,A,6,13,2,7,2,10,0,0
Atalanta,Salernitana,2,1,H,8,5,5,3,9,4,0,0
Bologna,Genoa,1,1,D,7,9,4,6,13,3,0,0
Milan,Cagliari,3,0,H,17,7,10,3,2,5,0,0
Sampdoria,Frosinone,0,1,A,11,3,7,1,9,2,0,0
Sassuolo,Juventus,0,3,A,9,10,2,5,8,4,0,0
Torino,Udinese,1,0,H,12,10,7,6,9,2,0,1
Juventus,Frosinone,3,0,H,11,7,8,1,5,7,0,0
Atalanta,Milan,1,3,A,12,6,5,3,5,2,0,0
Cagliari,Parma,2,1,H,12,6,3,3,1,4,1,0
Empoli,Sassuolo,3,0,H,7,5,6,2,3,3,0,0
Genoa,Lazio,2,1,H,14,6,6,6,7,3,0,0
Inter,Sampdoria,2,1,H,14,6,7,2,9,5,0,0
Napoli,Torino,0,0,D,20,6,10,1,15,4,0,0
Salernitana,Fiorentina,1,4,A,6,15,4,9,3,10,0,0
Udinese,Chievo,1,0,H,11,13,7,9,6,4,0,0
Roma,Bologna,2,1,H,9,14,4,10,9,7,0,0
Milan,Empoli,3,0,H,10,4,7,1,6,2,0,0
Frosinone,Roma,2,3,A,9,7,5,5,4,8,0,0
Torino,Atalanta,2,0,H,11,9,7,4,4,4,0,0
Bologna,Juventus,0,1,A,13,5,4,4,4,5,0,0
Chievo,Genoa,0,0,D,8,6,5,2,4,6,0,0
Fiorentina,Inter,3,3,D,10,7,2,6,9,6,0,0
Parma,Napoli,0,4,A,8,14,2,5,5,2,0,0
Sampdoria,Cagliari,1,0,H,9,8,6,1,3,5,0,0
Sassuolo,Salernitana,1,1,D,6,5,2,3,3,5,1,0
Cagliari,Inter,2,1,H,12,19,5,7,1,5,0,0
Empoli,Parma,3,3,D,13,7,9,7,8,2,0,0
Lazio,Roma,3,0,H,6,7,4,3,5,7,0,1
Milan,Sassuolo,1,0,H,7,11,4,6,6,6,0,1
Atalanta,Fiorentina,3,1,H,17,7,10,4,8,5,0,0
Genoa,Frosinone,0,0,D,10,3,6,0,8,2,0,1
Napoli,Juventus,1,2,A,13,4,5,3,12,4,1,1
Salernitana,Sampdoria,1,2,A,8,14,2,10,5,4,1,0
Torino,Chievo,3,0,H,9,9,6,5,7,4,0,0
Udinese,Bologna,2,1,H,11,11,6,9,6,6,0,0
Juventus,Udinese,4,1,H,15,4,6,2,5,0,0,0
Chievo,Milan,1,2,A,5,9,1,3,4,1,0,0
Parma,Genoa,1,0,H,8,8,4,1,4,5,0,0
Bologna,Cagliari,2,0,H,17,7,8,6,8,3,0,0
Fiorentina,Lazio,1,1,D,7,7,1,6,4,7,0,0
Frosinone,Torino,1,2,A,9,10,5,7,3,3,0,0
Inter,Salernitana,2,0,H,10,2,4,1,4,7,0,0
Sampdoria,Atalanta,1,2,A,11,13,6,6,4,7,0,0
Sassuolo,Napoli,1,1,D,7,9,1,4,3,5,0,0
Roma,Empoli,2,1,H,7,4,2,2,5,3,1,0
Cagliari,Fiorentina,2,1,H,10,6,6,4,4,4,0,0
Sassuolo,Sampdoria,3,5,A,12,17,5,11,6,5,0,0
Salernitana,Roma,2,1,H,10,10,6,5,3,5,0,0
Torino,Bologna,2,3,A,16,8,7,6,4,5,1,1
Atalanta,Chievo,1,1,D,11,6,6,3,10,1,0,0
Empoli,Frosinone,2,1,H,8,9,5,3,2,2,0,0
Genoa,Juventus,2,0,H,10,3,5,0,6,6,0,0
Lazio,Parma,4,1,H,14,4,8,2,6,5,0,0
Milan,Inter,2,3,A,9,10,7,6,7,4,0,0
Napoli,Udinese,4,2,H,13,8,5,3,5,2,0,0
Chievo,Cagliari,0,3,A,10,9,8,3,5,5,1,0
Juventus,Empoli,1,0,H,14,3,6,0,5,4,0,0
Sampdoria,Milan,1,0,H,14,7,8,5,5,10,0,0
Udinese,Genoa,2,0,H,12,15,5,6,3,5,0,0
Bologna,Sassuolo,2,1,H,11,5,8,4,9,4,0,0
Fiorentina,Torino,1,1,D,16,6,8,2,7,5,0,0
Frosinone,Salernitana,0,1,A,19,5,9,3,8,3,0,0
Inter,Lazio,0,1,A,11,6,6,5,12,3,0,0
Parma,Atalanta,1,3,A,6,18,4,11,4,6,0,0
Roma,Napoli,1,4,A,11,12,5,10,4,7,0,0
Cagliari,Juventus,0,2,A,5,11,1,6,3,5,0,0
Milan,Udinese,1,1,D,12,7,9,3,7,5,0,0
Empoli,Napoli,2,1,H,13,11,9,5,8,2,0,0
Frosinone,Parma,3,2,H,14,10,5,6,3,3,0,0
Genoa,Inter,0,4,A,5,12,2,9,1,6,1,0
Roma,Fiorentina,2,2,D,12,10,6,5,4,6,0,0
Salernitana,Lazio,1,0,H,8,9,4,5,2,7,0,0
Torino,Sampdoria,2,1,H,14,6,6,3,6,3,0,0
Atalanta,Bologna,4,1,H,12,8,6,4,5,4,0,0
Sassuolo,Chievo,4,0,H,13,9,8,5,5,4,0,0
Juventus,Milan,2,1,H,10,12,6,5,5,8,0,0
Parma,Torino,0,0,D,5,12,1,4,3,4,0,0
Sampdoria,Roma,0,1,A,10,9,2,5,8,3,0,0
Cagliari,Salernitana,2,1,H,14,5,11,2,9,4,0,0
Fiorentina,Frosinone,0,1,A,14,6,5,3,10,7,0,0
Inter,Atalanta,0,0,D,8,5,6,2,8,4,0,0
Lazio,Sassuolo,2,2,D,18,3,7,2,11,1,0,0
Napoli,Genoa,1,1,D,19,12,10,7,11,6,0,1
Udinese,Empoli,3,2,H,14,12,6,6,6,6,1,0
Bologna,Chievo,3,0,H,14,4,11,2,6,3,0,1
Milan,Lazio,1,0,H,10,8,5,6,11,4,0,0
Roma,Udinese,1,0,H,11,7,5,4,7,6,0,0
Salernitana,Juventus,2,1,H,8,4,3,3,5,4,0,0
Chievo,Napoli,1,3,A,4,12,4,5,3,7,0,0
Fiorentina,Bologna,0,0,D,14,5,7,3,10,5,0,0
Frosinone,Inter,1,3,A,10,10,4,5,1,3,0,0
Sampdoria,Genoa,2,0,H,13,6,7,1,3,8,0,1
Sassuolo,Parma,0,0,D,16,3,8,1,7,3,0,0
Torino,Cagliari,1,1,D,14,9,8,6,6,6,1,2
Atalanta,Empoli,0,0,D,32,2,18,1,9,3,0,0
Lazio,Udinese,2,0,H,15,9,7,4,4,5,0,0
Bologna,Sampdoria,3,0,H,12,9,6,3,3,4,0,0
Cagliari,Frosinone,1,0,H,12,5,6,2,5,6,1,0
Empoli,Salernitana,2,4,A,11,9,6,7,3,6,0,0
Genoa,Torino,0,1,A,8,8,4,4,3,2,0,0
Inter,Roma,1,1,D,13,9,7,5,7,4,0,0
Juventus,Fiorentina,2,1,H,9,9,5,6,10,7,0,0
Lazio,Chievo,1,2,A,16,8,8,6,13,2,2,0
Parma,Milan,1,1,D,10,8,3,3,8,4,0,0
Udinese,Sassuolo,1,1,D,10,6,5,2,6,5,0,0
Napoli,Atalanta,1,2,A,13,11,9,7,3,3,0,0
Bologna,Empoli,3,1,H,17,4,7,3,13,5,0,0
Inter,Juventus,1,1,D,10,10,6,4,10,4,0,0
Roma,Cagliari,3,0,H,15,4,11,1,5,5,0,0
Chievo,Parma,1,1,D,6,6,2,2,2,4,0,0
Frosinone,Napoli,0,2,A,13,19,4,13,2,6,0,0
Sampdoria,Lazio,1,2,A,7,10,5,5,1,4,1,0
Salernitana,Genoa,1,1,D,11,11,5,5,2,4,0,0
Torino,Milan,2,0,H,7,7,3,5,4,9,0,1
Atalanta,Udinese,2,0,H,13,4,8,2,9,5,0,0
Fiorentina,Sassuolo,0,1,A,7,9,4,5,7,8,0,0
Juventus,Torino,1,1,D,11,9,4,2,7,3,0,0
Chievo,Salernitana,0,4,A,8,14,3,8,1,5,0,0
Udinese,Inter,0,0,D,3,11,3,4,2,9,0,0
Empoli,Fiorentina,1,0,H,6,20,4,11,4,7,0,1
Genoa,Roma,1,1,D,13,11,6,5,4,7,0,0
Lazio,Atalanta,1,3,A,7,10,5,6,2,5,0,0
Napoli,Cagliari,2,1,H,17,4,8,2,6,2,0,1
Parma,Sampdoria,3,3,D,9,14,6,10,2,2,1,1
Sassuolo,Frosinone,2,2,D,14,5,5,3,8,1,0,0
Milan,Bologna,2,1,H,13,14,5,7,5,10,1,2
Atalanta,Genoa,2,1,H,8,13,4,3,0,4,0,0
Cagliari,Lazio,1,2,A,14,10,6,5,4,2,0,0
Fiorentina,Milan,0,1,A,8,10,3,5,5,6,0,0
Frosinone,Udinese,1,3,A,13,11,5,8,14,10,0,0
Roma,Juventus,2,0,H,9,5,4,4,3,3,0,0
Sampdoria,Empoli,1,2,A,11,5,7,4,8,2,0,0
Salernitana,Napoli,1,2,A,10,17,5,8,1,12,0,0
Torino,Sassuolo,3,2,H,17,7,11,3,11,1,0,1
Bologna,Parma,4,1,H,15,3,10,1,13,3,0,1
Inter,Chievo,2,0,H,16,3,11,0,17,0,0,1
Genoa,Cagliari,1,1,D,16,4,9,3,11,3,1,0
Sassuolo,Roma,0,0,D,9,17,3,6,5,5,0,0
Udinese,Salernitana,3,2,H,10,12,4,5,8,6,0,0
Chievo,Sampdoria,0,0,D,4,9,1,6,4,7,1,0
Empoli,Torino,4,1,H,11,10,9,6,7,3,0,0
Juventus,Atalanta,1,1,D,11,11,4,7,5,8,1,0
Milan,Frosinone,2,0,H,9,6,3,2,5,7,0,0
Napoli,Inter,4,1,H,14,10,6,7,3,12,0,0
Parma,Fiorentina,1,0,H,9,12,5,6,3,7,0,0
Lazio,Bologna,3,3,D,10,13,5,6,4,6,0,0
Bologna,Napoli,3,2,H,10,15,5,8,5,8,0,0
Frosinone,Chievo,0,0,D,10,2,5,2,8,2,0,0
Atalanta,Sassuolo,3,1,H,13,4,5,3,7,4,0,2
Cagliari,Udinese,1,2,A,12,9,5,5,12,3,0,0
Fiorentina,Genoa,0,0,D,5,2,5,1,4,1,0,0
Inter,Empoli,2,1,H,20,9,15,5,8,2,1,1
Roma,Parma,2,1,H,16,9,8,5,13,8,0,0
Sampdoria,Juventus,2,0,H,10,6,3,1,7,6,0,0
Salernitana,Milan,2,3,A,7,16,4,8,8,4,0,0
Torino,Lazio,3,1,H,9,9,7,4,5,5,0,0
Parma,Juventus,0,1,A,5,9,4,4,5,8,0,0
Fiorentina,Napoli,3,4,A,10,8,6,6,4,5,0,0
Udinese,Milan,1,0,H,11,6,6,0,9,4,0,0
Cagliari,Brescia,0,1,A,9,8,5,3,8,8,0,0
Roma,Genoa,3,3,D,17,6,9,4,5,1,0,0
Sampdoria,Lazio,0,3,A,12,16,8,10,5,9,0,0
Salernitana,Atalanta,2,3,A,8,18,3,14,2,10,0,0
Torino,Sassuolo,2,1,H,7,13,4,9,6,6,0,0
Verona,Bologna,1,1,D,5,14,2,5,1,6,1,0
Inter,Lecce,4,0,H,16,10,7,4,7,7,0,0
Bologna,Salernitana,1,0,H,18,7,9,1,11,2,0,1
Milan,Brescia,1,0,H,11,4,6,2,5,3,0,0
Juventus,Napoli,4,3,H,10,12,8,7,2,5,0,0
Lazio,Roma,1,1,D,21,8,13,5,8,4,0,0
Atalanta,Torino,2,3,A,19,8,12,6,12,5,0,0
Cagliari,Inter,1,2,A,7,9,3,8,5,5,0,0
Genoa,Fiorentina,2,1,H,18,15,10,7,9,8,0,0
Lecce,Verona,0,1,A,9,11,3,6,2,7,0,1
Sassuolo,Sampdoria,4,1,H,11,8,8,5,3,5,0,0
Udinese,Parma,1,3,A,17,6,12,3,8,1,0,0
Fiorentina,Juventus,0,0,D,15,5,8,4,10,0,0,0
Napoli,Sampdoria,2,0,H,19,7,9,2,8,7,0,0
Inter,Udinese,1,0,H,15,6,10,4,8,3,0,0
Genoa,Atalanta,1,2,A,8,11,3,6,8,7,0,0
Brescia,Bologna,3,4,A,9,17,7,6,2,10,1,0
Parma,Cagliari,1,3,A,14,6,8,4,12,3,0,0
Salernitana,Lazio,2,1,H,9,11,4,7,8,5,0,0
Roma,Sassuolo,4,2,H,14,10,10,5,8,2,0,0
Verona,Milan,0,1,A,6,11,2,6,2,7,1,0
Torino,Lecce,1,2,A,12,12,3,5,7,3,0,0
Cagliari,Genoa,3,1,H,8,7,4,2,4,3,0,0
Udinese,Brescia,0,1,A,6,5,3,3,3,9,0,0
Juventus,Verona,2,1,H,12,8,3,8,2,5,0,0
Milan,Inter,0,2,A,7,11,3,9,2,6,0,0
Sassuolo,Salernitana,3,0,H,17,8,8,3,7,9,0,0
Bologna,Roma,1,2,A,5,14,3,7,3,4,0,0
Lecce,Napoli,1,4,A,8,12,3,10,4,6,0,0
Sampdoria,Torino,1,0,H,10,6,6,1,7,8,0,0
Atalanta,Fiorentina,2,2,D,15,6,5,3,9,1,0,0
Lazio,Parma,2,0,H,22,3,15,1,10,5,0,0
Verona,Udinese,0,0,D,8,5,4,3,6,6,0,0
Brescia,Juventus,1,2,A,13,15,3,7,4,3,0,0
Roma,Atalanta,0,2,A,8,11,4,4,5,1,0,0
Fiorentina,Sampdoria,2,1,H,12,7,8,4,3,1,0,0
Genoa,Bologna,0,0,D,8,14,4,2,5,4,0,0
Inter,Lazio,1,0,H,9,6,4,4,4,6,0,0
Napoli,Cagliari,0,1,A,17,5,8,1,13,1,1,0
Parma,Sassuolo,1,0,H,8,8,4,5,5,4,0,0
Salernitana,Lecce,1,3,A,14,9,7,5,10,1,0,0
Torino,Milan,2,1,H,11,16,5,4,3,5,0,0
Juventus,Salernitana,2,0,H,17,4,10,1,13,2,0,0
Sampdoria,Inter,1,3,A,15,11,2,7,7,5,0,0
Sassuolo,Atalanta,1,4,A,9,10,7,8,7,3,0,0
Napoli,Brescia,2,1,H,16,7,7,3,7,7,0,0
Lazio,Genoa,4,0,H,13,12,11,6,5,7,0,0
Lecce,Roma,0,1,A,10,13,6,6,4,11,0,0
Udinese,Bologna,1,0,H,9,10,4,4,4,5,0,0
Cagliari,Verona,1,1,D,10,11,5,5,3,5,0,0
Milan,Fiorentina,1,3,A,7,13,3,8,4,6,1,0
Parma,Torino,3,2,H,13,6,7,5,7,3,0,0
Salernitana,Parma,1,0,H,12,5,7,2,5,8,1,0
Verona,Sampdoria,2,0,H,6,9,4,3,9,4,0,0
Genoa,Milan,1,2,A,11,9,6,7,7,0,2,0
Fiorentina,Udinese,1,0,H,8,5,4,1,12,3,0,0
Atalanta,Lecce,3,1,H,26,5,14,2,9,5,0,0
Bologna,Lazio,2,2,D,17,8,10,6,5,4,1,0
Roma,Cagliari,1,1,D,17,6,8,3,7,1,0,0
Torino,Napoli,0,0,D,11,10,6,3,4,5,0,0
Inter,Juventus,1,2,A,6,8,4,6,7,2,0,0
Lazio,Atalanta,3,3,D,12,18,5,9,3,1,0,0
Napoli,Verona,2,0,H,13,14,7,6,6,8,0,0
Juventus,Bologna,2,1,H,13,7,11,4,8,5,0,0
Sassuolo,Inter,3,4,A,7,10,4,7,5,7,0,0
Cagliari,Salernitana,2,0,H,13,8,7,5,6,6,0,0
Sampdoria,Roma,0,0,D,7,5,2,1,7,9,0,0
Udinese,Torino,1,0,H,10,8,6,5,6,4,0,0
Parma,Genoa,5,1,H,15,11,7,6,3,7,0,0
Milan,Lecce,2,2,D,18,11,8,7,8,2,0,0
Brescia,Fiorentina,0,0,D,3,10,1,6,6,9,0,1
Verona,Sassuolo,0,1,A,7,9,5,5,9,6,0,0
Lecce,Juventus,1,1,D,9,16,5,6,3,14,0,0
Inter,Parma,2,2,D,16,10,7,5,11,4,0,0
Genoa,Brescia,3,1,H,12,4,11,2,5,3,0,0
Bologna,Sampdoria,2,1,H,10,5,6,3,11,5,0,0
Atalanta,Udinese,7,1,H,23,6,16,3,6,2,0,0
Salernitana,Napoli,1,1,D,5,9,3,4,4,4,0,0
Torino,Cagliari,1,1,D,8,10,5,5,6,11,0,0
Roma,Milan,2,1,H,10,8,5,4,4,8,0,0
Fiorentina,Lazio,1,2,A,9,11,3,8,7,3,1,0
Parma,Verona,0,1,A,15,6,7,2,12,3,0,0
Brescia,Inter,1,2,A,6,6,5,2,9,8,0,0
Napoli,Atalanta,2,2,D,15,12,11,6,2,3,0,0
Cagliari,Bologna,3,2,H,12,6,5,3,4,1,0,0
Juventus,Genoa,2,1,H,18,7,11,3,10,2,1,0
Lazio,Torino,4,0,H,16,6,8,3,8,0,0,0
Sampdoria,Lecce,1,1,D,15,9,6,4,9,5,0,0
Sassuolo,Fiorentina,1,2,A,6,10,5,8,3,7,0,1
Udinese,Roma,0,4,A,8,10,5,6,5,3,0,0
Milan,Salernitana,1,0,H,10,5,6,2,7,6,0,0
Roma,Napoli,2,1,H,13,12,7,6,10,4,1,0
Bologna,Inter,1,2,A,8,11,3,9,2,7,0,0
Torino,Juventus,0,1,A,7,14,4,10,11,6,0,0
Atalanta,Cagliari,0,2,A,11,12,3,8,13,2,1,0
Genoa,Udinese,1,3,A,10,13,2,5,8,5,0,0
Lecce,Sassuolo,2,2,D,7,12,4,5,6,6,0,0
Verona,Brescia,2,1,H,11,11,6,5,5,1,0,0
Fiorentina,Parma,1,1,D,15,7,4,3,5,2,0,0
Milan,Lazio,1,2,A,9,8,4,7,8,4,0,0
Salernitana,Sampdoria,0,1,A,7,9,2,4,8,5,0,0
Sassuolo,Bologna,3,1,H,13,9,8,7,4,4,0,0
Brescia,Torino,0,4,A,5,12,3,7,4,4,1,0
Inter,Verona,2,1,H,19,5,13,2,9,3,0,0
Napoli,Genoa,0,0,D,13,8,8,3,5,2,0,0
Cagliari,Fiorentina,5,2,H,12,10,8,7,5,6,0,0
Lazio,Lecce,4,2,H,17,18,7,10,9,3,0,0
Sampdoria,Atalanta,0,0,D,5,7,2,3,1,7,0,0
Udinese,Salernitana,0,0,D,11,10,4,4,3,7,0,0
Parma,Roma,2,0,H,13,10,8,7,5,10,0,0
Juventus,Milan,1,0,H,11,10,5,7,5,5,0,0
Atalanta,Juventus,1,3,A,14,11,9,5,8,3,0,0
Milan,Napoli,1,1,D,11,12,4,6,3,4,0,0
Torino,Inter,0,3,A,5,6,2,5,12,4,0,0
Bologna,Parma,2,2,D,11,11,7,7,15,2,0,0
Roma,Brescia,3,0,H,14,5,6,2,17,6,0,0
Sassuolo,Lazio,1,2,A,5,10,2,6,5,8,0,1
Verona,Fiorentina,1,0,H,13,7,8,2,8,6,0,0
Sampdoria,Udinese,2,1,H,19,5,13,2,8,2,0,0
Lecce,Cagliari,2,2,D,17,6,8,2,11,2,1,0
Salernitana,Genoa,1,1,D,13,13,7,6,5,4,0,0
Brescia,Atalanta,0,3,A,9,19,5,12,2,11,0,0
Genoa,Torino,0,1,A,5,10,3,3,6,4,0,0
Fiorentina,Lecce,0,1,A,13,6,6,6,9,2,0,0
Juventus,Sassuolo,2,2,D,17,8,9,4,9,2,0,0
Inter,Salernitana,2,1,H,16,8,10,3,8,0,0,0
Lazio,Udinese,3,0,H,15,4,6,0,2,2,0,0
Parma,Milan,0,1,A,6,19,0,8,1,7,0,0
Napoli,Bologna,1,2,A,20,9,5,6,7,0,0,0
Verona,Roma,1,3,A,7,12,3,5,6,5,0,0
Cagliari,Sampdoria,4,3,H,12,9,8,5,6,4,0,0
Inter,Roma,0,0,D,9,6,2,2,8,3,0,0
Atalanta,Verona,3,2,H,21,7,10,2,13,4,0,0
Udinese,Napoli,1,1,D,5,12,1,3,3,10,0,0
Lazio,Juventus,3,1,H,12,8,8,5,4,5,0,0
Lecce,Genoa,2,2,D,22,14,5,4,11,3,0,0
Sassuolo,Cagliari,2,2,D,9,4,3,3,8,4,0,0
Salernitana,Brescia,0,1,A,18,12,4,7,3,1,0,0
Torino,Fiorentina,2,1,H,10,15,5,5,3,9,0,0
Sampdoria,Parma,0,1,A,18,10,6,2,3,2,0,0
Bologna,Milan,2,3,A,11,11,4,7,5,1,0,1
Brescia,Lecce,3,0,H,13,11,9,4,4,6,0,0
Napoli,Parma,1,2,A,22,7,9,5,11,1,0,0
Genoa,Sampdoria,0,1,A,5,2,1,1,4,2,0,1
Verona,Torino,3,3,D,12,12,8,8,6,3,0,0
Bologna,Atalanta,2,1,H,8,15,5,7,4,4,1,0
Juventus,Udinese,3,1,H,14,9,12,7,9,8,0,0
Milan,Sassuolo,0,0,D,17,10,12,6,8,3,0,0
Roma,Salernitana,3,1,H,18,5,13,3,8,3,0,0
Fiorentina,Inter,1,1,D,10,7,5,5,5,1,0,0
Cagliari,Lazio,1,2,A,9,13,4,7,2,9,0,0
Sampdoria,Juventus,1,2,A,13,10,4,4,5,5,1,0
Brescia,Sassuolo,0,2,A,15,11,6,6,4,4,0,0
Fiorentina,Roma,1,4,A,7,8,4,6,5,4,0,0
Udinese,Cagliari,2,1,H,9,13,2,2,2,1,0,0
Inter,Genoa,4,0,H,12,7,9,4,6,3,0,0
Torino,Salernitana,1,2,A,7,7,6,4,10,3,1,0
Atalanta,Milan,5,0,H,14,4,12,1,5,2,0,0
Lecce,Bologna,2,3,A,7,19,3,16,6,2,0,0
Parma,Brescia,1,1,D,13,11,6,4,9,5,0,1
Sassuolo,Napoli,1,2,A,12,14,5,11,7,11,0,0
